student_id,name,attendance,internal_marks,study_hours_per_day,previous_cgpa,assignments_completed,extracurricular,performance
1,Nikhil Shukla,78.37,31.75,2.75,5.34,1,0,Low
2,Simran Sethi,41.91,36.56,2.33,7.61,8,0,Low
3,Komal Shukla,82.08,59.37,4.49,5.67,0,0,Average
4,Sai Ghosh,60.42,40.88,9.57,6.02,1,1,Low
5,Nisha Patel,90.85,72.26,8.07,8.38,8,0,High
6,Simran Kumar,73.12,88.06,6.19,9.17,9,0,Average
7,Nisha Banerjee,42.75,45.95,2.89,4.48,3,0,Low
8,Komal Walia,67.2,88.39,1.63,6.13,10,1,Average
9,Nisha Banerjee,78.88,72.64,1.71,8.37,2,1,Average
10,Deepak Gupta,99.37,74.8,5.57,8.11,0,0,High
11,Pranav Sethi,88.3,58.08,0.66,9.48,9,1,Average
12,Ritika Malhotra,69.95,91.93,6.43,4.86,2,0,Average
13,Krishna Saxena,72.34,82.29,4.28,7.5,5,0,Average
14,Kunal Kumar,69.61,82.9,8.61,4.92,2,1,Average
15,Ankita Mehta,63.09,71.71,4.68,5.51,8,0,Average
16,Aisha Reddy,80.9,67.59,2.67,7.85,1,1,Average
17,Rahul Shah,67.22,96.77,8.76,5.58,8,0,Average
18,Gaurav Reddy,92.23,50.89,6.39,7.65,2,1,Average
19,Vivaan Mehta,72.36,84.5,5.3,4.0,5,1,Average
20,Kiran Patel,95.75,91.51,8.32,5.85,0,0,High
21,Neha Agarwal,45.14,64.02,0.69,8.56,2,0,Low
22,Simran Das,96.81,41.56,5.28,7.64,3,0,Low
23,Ananya Menon,63.94,77.02,3.73,9.4,7,0,Average
24,Simran Chopra,43.84,31.47,5.54,7.53,0,0,Low
25,Priya Tandon,43.53,34.72,0.31,5.98,8,0,Low
26,Ananya Agarwal,69.12,67.75,7.23,9.29,9,1,Average
27,Zara Singh,88.45,43.33,0.97,6.59,6,1,Low
28,Ananya Iyer,80.4,98.89,0.98,6.42,5,0,Average
29,Rhea Malhotra,51.41,61.4,4.22,5.67,3,0,Low
30,Shaurya Tripathi,45.87,75.65,5.41,4.09,1,0,Low
31,Nisha Chatterjee,69.14,44.96,4.01,4.35,6,0,Low
32,Ishaan Iyer,95.59,84.96,2.85,8.18,8,1,Average
33,Vihaan Bhatia,57.8,97.81,5.79,7.25,5,0,Low
34,Ramesh Rao,68.61,94.36,5.31,4.34,8,0,Average
35,Nikhil Arora,44.11,34.76,8.62,6.42,9,0,Low
36,Pranav Tandon,42.38,35.74,6.57,7.39,5,1,Low
37,Sneha Kumar,82.97,46.71,3.96,8.03,4,1,Low
38,Rahul Chatterjee,40.56,73.48,5.63,4.6,8,0,Low
39,Rhea Kapoor,47.95,54.43,0.69,5.47,4,0,Low
40,Neha Shah,82.21,72.82,9.87,7.92,0,1,High
41,Priya Mukherjee,96.34,39.4,1.15,4.64,8,0,Low
42,Diya Singh,76.29,80.23,2.04,7.81,4,1,Average
43,Shaurya Chaudhary,45.54,59.65,2.77,4.02,2,1,Low
44,Suresh Mishra,73.1,59.94,0.1,4.45,2,0,Average
45,Pranav Walia,74.95,40.37,1.27,5.85,0,1,Low
46,Ananya Reddy,54.97,37.2,7.8,9.3,6,0,Low
47,Varun Tandon,98.57,86.75,8.81,4.15,5,1,High
48,Aditya Agarwal,91.84,86.75,2.67,8.72,1,1,Average
49,Vivaan Tandon,53.35,87.16,4.6,5.83,3,0,Low
50,Swati Saxena,51.59,52.98,8.64,9.8,4,1,Low
51,Atharv Bhatia,63.98,98.68,5.36,9.64,1,1,Average
52,Kunal Saxena,97.75,48.58,1.08,6.61,5,1,Low
53,Amit Kapoor,46.94,92.97,1.9,4.27,6,0,Low
54,Neha Roy,81.21,95.82,7.37,5.18,6,0,High
55,Neha Tripathi,77.39,76.44,1.25,9.4,8,1,Average
56,Ankita Rao,59.57,78.8,5.54,5.15,10,1,Low
57,Aisha Bhatia,76.93,51.07,5.48,4.0,4,0,Average
58,Yash Reddy,76.4,52.56,4.42,8.05,8,1,Average
59,Ankita Das,79.53,49.87,6.64,7.72,1,0,Low
60,Zara Tripathi,53.48,43.94,0.24,5.47,7,0,Low
61,Ishaan Sethi,93.17,70.3,7.18,6.3,6,0,High
62,Atharv Dhawan,81.26,92.49,8.6,9.31,6,0,High
63,Varun Yadav,71.08,33.52,2.49,9.09,7,0,Low
64,Suresh Malhotra,80.05,99.15,5.95,9.7,7,1,High
65,Siddharth Srivastava,66.75,41.14,8.61,6.7,3,1,Low
66,Pooja Bose,69.08,46.75,4.4,8.28,3,1,Low
67,Arjun Tripathi,93.58,35.64,1.51,6.3,2,0,Low
68,Siddharth Bhatia,64.46,67.98,4.16,5.24,6,1,Average
69,Kavya Das,96.76,31.37,8.81,7.45,7,0,Low
70,Rohan Menon,85.21,89.74,9.53,6.51,8,0,High
71,Suresh Yadav,56.38,63.99,3.89,8.01,6,0,Low
72,Reyansh Sethi,95.17,98.65,5.34,9.44,9,0,High
73,Zara Bose,65.72,90.68,1.82,5.56,5,0,Average
74,Suresh Patel,60.25,91.57,2.78,9.71,6,1,Average
75,Siddharth Sethi,68.22,82.43,0.52,9.71,3,0,Average
76,Ananya Joshi,42.42,32.17,2.47,9.04,9,0,Low
77,Shaurya Arora,68.41,38.01,9.48,6.79,4,1,Low
78,Nikhil Verma,76.43,82.35,1.15,8.92,4,0,Average
79,Nikhil Dhawan,95.73,70.31,9.08,6.25,3,0,High
80,Yash Khanna,89.83,47.0,6.97,5.81,10,0,Low
81,Aarav Tripathi,86.96,54.3,4.28,6.22,8,1,Average
82,Aisha Rao,89.34,37.39,9.61,7.81,7,0,Low
83,Zara Shukla,84.03,97.58,2.7,8.85,8,1,Average
84,Rhea Krishnan,89.54,71.47,3.22,5.47,1,1,Average
85,Atharv Jain,85.03,69.89,6.68,6.02,7,1,Average
86,Amit Iyer,52.73,85.85,3.4,9.28,4,0,Low
87,Rhea Verma,45.14,80.41,4.89,8.55,7,1,Low
88,Isha Malhotra,45.58,45.51,6.92,5.84,9,1,Low
89,Riya Chatterjee,71.86,59.79,7.46,5.98,7,1,Average
90,Pranav Agarwal,53.83,80.49,3.16,8.46,2,0,Low
91,Meera Menon,56.59,71.27,7.6,7.58,1,0,Low
92,Dev Mukherjee,61.65,51.16,7.08,4.76,0,0,Average
93,Isha Agarwal,81.85,38.84,8.68,6.95,0,1,Low
94,Deepak Kumar,66.43,42.91,0.51,9.65,7,0,Low
95,Reyansh Krishnan,64.04,35.19,6.29,4.32,2,1,Low
96,Rhea Chaudhary,47.11,83.51,6.06,8.74,3,1,Low
97,Gaurav Pillai,57.84,71.2,4.29,7.41,0,0,Low
98,Shaurya Sharma,77.53,48.53,0.81,5.44,8,0,Low
99,Komal Yadav,64.51,78.26,4.7,4.2,4,1,Average
100,Aisha Mehta,44.27,46.34,2.65,8.75,9,0,Low
101,Shaurya Das,72.67,75.33,9.08,8.96,1,0,Average
102,Komal Tiwari,75.7,87.7,9.21,6.63,7,1,High
103,Ritika Bose,96.56,65.03,4.94,4.48,0,1,Average
104,Gaurav Walia,76.22,31.81,2.29,8.05,9,0,Low
105,Priya Rao,89.29,70.34,7.63,5.05,8,1,High
106,Shreya Roy,99.82,60.51,8.14,9.81,7,1,Average
107,Neha Tiwari,59.26,37.32,1.61,6.47,7,1,Low
108,Siddharth Tiwari,88.81,68.51,4.55,5.89,5,0,Average
109,Vihaan Iyer,91.89,87.74,0.01,9.22,7,1,Average
110,Priya Malhotra,71.11,73.58,4.98,6.65,0,0,Average
111,Simran Reddy,47.86,50.16,8.81,6.91,0,0,Low
112,Ayaan Sethi,58.65,30.96,4.08,5.35,1,1,Low
113,Suresh Agarwal,89.93,64.89,7.17,7.05,4,1,Average
114,Arjun Banerjee,98.81,47.06,5.51,6.3,9,0,Low
115,Meera Das,86.36,89.81,3.4,8.73,4,0,Average
116,Kavya Roy,90.25,70.59,6.6,9.19,7,1,High
117,Kiran Pandey,73.12,68.04,4.55,5.93,3,0,Average
118,Neha Sethi,54.01,84.29,0.44,8.47,6,1,Low
119,Sai Chaudhary,98.85,64.67,0.37,7.01,9,1,Average
120,Arjun Agarwal,45.98,93.73,0.15,4.86,10,0,Low
121,Ramesh Walia,86.89,48.55,6.23,6.38,1,1,Low
122,Harsh Kumar,91.56,56.6,3.17,8.31,7,0,Average
123,Sai Chopra,54.09,77.91,2.87,5.36,1,1,Low
124,Sneha Singh,82.23,37.04,1.66,5.8,0,0,Low
125,Shaurya Rao,57.6,56.24,1.46,7.19,9,0,Low
126,Dhruv Yadav,44.74,90.96,6.2,5.44,9,0,Low
127,Ankita Kapoor,78.27,62.17,6.67,9.39,7,1,Average
128,Komal Chatterjee,49.48,60.92,3.46,7.53,10,1,Low
129,Nisha Khanna,67.41,51.15,9.99,9.12,1,0,Average
130,Priya Sharma,61.54,50.71,6.99,4.13,10,1,Average
131,Suresh Mukherjee,73.96,78.01,7.45,4.29,9,1,Average
132,Ankita Tandon,86.54,46.11,8.02,5.31,3,1,Low
133,Yash Chaudhary,80.85,39.57,0.97,7.76,0,1,Low
134,Atharv Iyer,42.0,55.54,1.31,9.46,5,1,Low
135,Diya Agarwal,47.93,67.76,9.71,7.19,4,0,Low
136,Ishaan Menon,98.04,50.66,8.7,8.83,7,0,Average
137,Reyansh Tiwari,91.61,80.7,9.8,9.8,8,1,High
138,Nikhil Pandey,40.84,67.56,4.55,8.04,10,1,Low
139,Harsh Menon,89.35,95.82,1.08,5.4,0,1,Average
140,Ayaan Joshi,78.86,74.48,4.64,8.21,10,1,Average
141,Nisha Yadav,42.72,32.6,9.96,4.7,3,0,Low
142,Shreya Sethi,62.26,96.46,6.96,7.24,9,0,Average
143,Pranav Chaudhary,45.94,64.25,4.08,9.71,0,1,Low
144,Vihaan Tiwari,66.68,46.53,3.63,9.89,5,1,Low
145,Swati Chopra,56.55,97.77,9.49,8.95,1,0,Low
146,Arjun Malhotra,75.83,31.5,7.87,5.46,2,0,Low
147,Priya Nair,52.43,45.12,8.7,5.97,2,0,Low
148,Aarav Ghosh,99.25,67.82,7.99,4.66,0,0,Average
149,Ritika Tripathi,87.4,46.66,3.24,5.05,0,0,Low
150,Rhea Saxena,71.57,82.2,4.76,8.67,8,0,Average
151,Zara Sethi,53.29,73.06,7.27,9.45,10,1,Low
152,Rohan Chaudhary,97.84,34.26,4.79,6.41,10,0,Low
153,Nisha Arora,44.41,35.66,6.08,4.39,4,1,Low
154,Aisha Chaudhary,71.83,61.76,6.05,4.6,1,0,Average
155,Aisha Bose,93.29,58.97,8.27,6.39,1,1,Average
156,Suresh Patel,79.91,56.2,1.53,9.54,1,0,Average
157,Nikhil Malhotra,45.59,36.76,7.39,8.87,8,0,Low
158,Meera Arora,73.7,76.9,4.11,9.24,6,0,Average
159,Ramesh Shah,58.75,37.25,5.07,4.93,7,0,Low
160,Ramesh Malhotra,61.01,68.94,1.15,5.67,3,1,Average
161,Vivaan Rao,98.47,87.29,6.14,7.86,0,1,High
162,Kiran Tandon,56.4,83.37,9.22,6.11,2,0,Low
163,Nisha Tripathi,64.05,39.93,6.33,4.18,8,0,Low
164,Vihaan Nair,67.22,41.02,3.12,5.95,9,0,Low
165,Rohan Arora,49.44,73.25,6.74,5.63,10,1,Low
166,Meera Walia,66.52,49.12,7.55,4.68,6,0,Low
167,Aarav Pillai,80.71,64.06,6.67,4.27,6,0,Average
168,Aarav Jain,58.09,44.79,1.37,5.53,5,0,Low
169,Arjun Tiwari,84.82,42.3,3.8,8.22,8,1,Low
170,Kiran Tiwari,91.71,32.96,0.19,9.53,5,1,Low
171,Varun Bajaj,82.57,59.24,1.15,4.13,5,0,Average
172,Aisha Bhatia,67.61,78.27,3.62,6.62,1,0,Average
173,Siddharth Reddy,64.03,35.51,8.71,8.47,3,1,Low
174,Payal Sethi,44.58,74.33,5.31,5.16,5,1,Low
175,Gaurav Sethi,88.9,46.54,1.46,5.18,9,0,Low
176,Ankita Khanna,44.52,96.59,6.28,6.78,9,1,Low
177,Rhea Kumar,78.58,99.06,3.23,9.83,5,0,Average
178,Riya Yadav,68.14,74.2,7.96,7.55,5,0,Average
179,Zara Bhatia,67.11,33.98,8.32,4.46,1,1,Low
180,Sneha Arora,73.26,85.43,8.96,6.7,9,0,Average
181,Rahul Sethi,68.54,40.56,0.62,4.62,5,0,Low
182,Divya Mishra,50.35,47.34,4.38,6.64,8,0,Low
183,Arjun Roy,95.08,57.12,7.74,8.07,0,1,Average
184,Pooja Patel,45.67,77.49,2.84,8.34,10,0,Low
185,Krishna Arora,74.96,39.9,3.5,9.81,10,1,Low
186,Neha Dhawan,82.53,35.93,5.59,7.86,5,0,Low
187,Rahul Mishra,89.74,81.71,6.85,7.16,10,1,High
188,Dhruv Joshi,41.09,51.62,9.51,6.05,7,0,Low
189,Neha Roy,49.3,50.71,7.88,7.05,8,0,Low
190,Payal Chaudhary,92.58,73.26,5.97,4.93,2,0,High
191,Gaurav Chaudhary,42.62,55.5,7.2,9.82,9,1,Low
192,Ankita Khanna,54.04,46.74,9.66,8.71,3,1,Low
193,Shaurya Iyer,99.07,62.32,2.82,6.29,8,1,Average
194,Simran Srivastava,88.08,39.69,2.5,7.85,5,0,Low
195,Suresh Shukla,91.07,49.95,7.63,5.64,8,0,Low
196,Vihaan Tiwari,45.5,93.74,8.17,9.31,0,1,Low
197,Sai Sethi,70.12,46.5,9.95,6.25,0,1,Low
198,Gaurav Agarwal,60.12,40.22,0.38,9.5,7,0,Low
199,Ayaan Mukherjee,66.92,30.37,0.79,5.54,2,1,Low
200,Arjun Mehta,54.26,38.53,2.38,7.83,9,1,Low
201,Simran Nair,90.2,64.99,5.36,7.79,9,0,Average
202,Amit Mishra,57.48,30.11,3.53,7.42,2,0,Low
203,Nisha Agarwal,44.06,66.82,5.07,9.93,8,0,Low
204,Kavya Krishnan,42.61,57.08,3.73,8.48,5,0,Low
205,Aditya Ghosh,83.98,73.98,7.72,8.41,5,0,High
206,Sakshi Rao,72.76,86.95,1.75,8.67,7,1,Average
207,Aditya Iyer,88.69,34.42,7.76,6.75,4,0,Low
208,Diya Gupta,93.15,52.09,3.1,6.39,8,1,Average
209,Priya Mehta,85.2,43.38,3.57,8.69,10,1,Low
210,Atharv Jain,87.96,60.59,4.0,6.64,6,1,Average
211,Reyansh Shukla,81.52,55.71,7.97,5.6,1,1,Average
212,Neha Mukherjee,76.15,87.56,5.45,5.93,1,1,High
213,Aditya Ghosh,58.39,72.18,4.26,8.14,5,1,Low
214,Neha Chopra,76.89,60.45,6.39,8.75,0,0,Average
215,Ramesh Arora,64.37,65.92,7.5,4.96,0,0,Average
216,Divya Pandey,80.69,60.67,1.26,5.42,10,1,Average
217,Rhea Kumar,96.97,32.27,1.53,6.7,5,1,Low
218,Vivaan Rao,74.44,67.06,3.98,7.9,3,0,Average
219,Pranav Bajaj,69.94,57.09,5.62,5.57,4,1,Average
220,Atharv Chaudhary,57.13,94.15,4.91,4.74,1,1,Low
221,Simran Kumar,99.84,86.74,9.68,9.92,10,1,High
222,Yash Mishra,73.0,50.33,3.0,4.95,10,0,Average
223,Divya Malhotra,70.53,38.5,2.01,4.83,7,0,Low
224,Riya Tiwari,74.34,62.72,9.83,4.78,1,0,Average
225,Krishna Bose,99.98,80.32,5.26,8.61,9,0,High
226,Siddharth Joshi,78.54,61.5,6.8,6.07,8,0,Average
227,Shaurya Reddy,65.96,93.75,0.55,4.74,2,1,Average
228,Diya Iyer,59.36,79.65,3.46,9.65,4,0,Low
229,Rahul Sethi,78.1,68.56,1.25,5.82,8,0,Average
230,Suresh Khanna,50.12,95.91,1.54,7.95,9,1,Low
231,Swati Pillai,42.47,90.46,0.81,9.69,9,1,Low
232,Swati Das,86.02,59.16,6.39,6.99,10,1,Average
233,Shaurya Chaudhary,68.98,86.33,6.85,5.78,1,0,Average
234,Tanvi Joshi,64.94,62.51,3.4,4.86,5,1,Average
235,Rhea Krishnan,85.64,66.05,1.06,5.45,1,1,Average
236,Shaurya Bose,48.45,33.54,9.45,9.18,6,0,Low
237,Rohan Das,96.03,80.48,1.9,4.96,8,1,Average
238,Nikhil Ghosh,69.84,36.3,3.93,6.74,3,0,Low
239,Meera Kapoor,42.92,49.69,5.98,9.06,10,1,Low
240,Divya Gupta,40.49,37.52,1.34,5.59,5,1,Low
241,Rahul Chaudhary,64.03,69.92,1.95,7.32,1,1,Average
242,Sai Tiwari,85.86,49.58,9.89,8.08,1,0,Low
243,Kunal Saxena,62.39,99.08,5.58,6.19,2,0,Average
244,Ishaan Arora,64.08,32.82,0.39,8.28,7,1,Low
245,Nikhil Roy,93.59,39.78,9.31,5.91,6,1,Low
246,Divya Roy,70.44,65.68,4.9,7.38,7,0,Average
247,Kunal Agarwal,80.43,98.59,5.84,8.78,10,0,High
248,Nikhil Agarwal,55.93,75.89,9.72,7.47,3,0,Low
249,Aditya Khanna,50.23,74.03,6.2,9.05,2,0,Low
250,Komal Pillai,96.89,37.69,0.19,5.88,2,1,Low
251,Amit Pillai,64.62,84.25,9.21,9.24,0,0,Average
252,Raj Roy,73.65,99.87,4.78,6.26,2,1,Average
253,Advik Krishnan,72.78,77.31,8.68,8.08,4,1,Average
254,Komal Jain,56.74,50.89,9.41,9.89,4,0,Low
255,Ayaan Khanna,59.02,54.42,9.34,8.77,4,1,Low
256,Aditya Mukherjee,80.6,56.58,9.8,8.91,2,1,Average
257,Advik Kapoor,97.32,35.53,9.24,7.94,7,0,Low
258,Ananya Singh,56.27,69.34,2.72,4.66,9,0,Low
259,Simran Agarwal,80.19,67.17,6.38,4.31,6,1,Average
260,Swati Agarwal,46.03,83.95,0.05,7.3,2,1,Low
261,Siddharth Patel,68.65,43.96,9.64,5.93,10,0,Low
262,Shreya Rao,79.14,46.26,7.39,9.1,0,0,Low
263,Aditya Sharma,96.04,32.54,8.36,8.73,2,1,Low
264,Krishna Saxena,57.9,72.19,9.28,6.01,7,1,Low
265,Simran Rao,68.08,43.5,1.13,4.97,7,1,Low
266,Harsh Chopra,40.85,53.6,2.95,8.05,3,0,Low
267,Atharv Joshi,93.82,87.89,5.15,4.52,10,0,High
268,Pooja Das,68.65,95.51,0.07,6.3,7,1,Average
269,Neha Mehta,74.95,70.1,2.62,6.16,3,0,Average
270,Sakshi Mukherjee,67.92,41.18,6.86,9.54,4,0,Low
271,Shreya Dhawan,62.05,45.46,9.57,6.87,7,1,Low
272,Ankita Arora,72.95,62.96,5.38,7.98,3,0,Average
273,Vihaan Malhotra,92.39,35.73,4.47,8.22,1,0,Low
274,Ayaan Walia,94.17,44.15,5.37,4.99,8,1,Low
275,Krishna Saxena,52.32,70.82,0.91,7.06,0,1,Low
276,Tanvi Chatterjee,64.93,69.47,5.59,8.04,4,0,Average
277,Raj Singh,88.99,82.21,5.78,4.27,5,0,High
278,Siddharth Joshi,96.07,34.83,9.34,4.19,6,0,Low
279,Nisha Pandey,85.95,98.48,6.46,6.52,6,1,High
280,Atharv Kapoor,44.81,97.49,8.75,4.8,5,0,Low
281,Zara Walia,63.58,38.91,9.79,9.01,0,1,Low
282,Ishaan Banerjee,83.15,59.69,3.79,5.38,7,1,Average
283,Harsh Verma,51.31,91.26,7.65,4.19,10,1,Low
284,Ananya Gupta,54.44,34.71,5.94,6.68,10,0,Low
285,Rahul Mukherjee,64.14,46.4,2.17,9.18,0,0,Low
286,Ananya Das,54.05,94.15,5.76,7.46,10,1,Low
287,Dev Bhatia,92.58,99.0,5.21,6.48,4,0,High
288,Kavya Sethi,92.78,93.81,6.26,6.56,7,0,High
289,Nisha Rao,80.28,85.01,3.19,6.5,2,1,Average
290,Vihaan Malhotra,85.26,63.15,8.49,5.8,2,1,Average
291,Pooja Sethi,64.76,59.16,5.3,6.33,4,0,Average
292,Priya Pandey,44.74,61.49,3.71,7.21,3,0,Low
293,Isha Pillai,80.42,72.2,8.74,5.13,9,0,High
294,Ritika Agarwal,92.17,53.31,9.57,4.09,3,0,Average
295,Siddharth Mukherjee,94.87,78.69,7.04,6.38,3,1,High
296,Zara Shah,62.84,67.36,3.59,5.57,8,1,Average
297,Sneha Tripathi,88.17,80.57,7.62,5.92,3,1,High
298,Meera Nair,42.74,90.49,7.41,4.1,8,1,Low
299,Diya Jain,51.77,46.1,5.7,5.47,8,1,Low
300,Krishna Kapoor,97.99,74.92,4.91,5.01,5,0,Average
301,Suresh Kumar,69.3,94.18,5.42,7.85,0,0,Average
302,Arjun Nair,96.71,76.78,7.64,6.47,10,0,High
303,Neha Jain,40.55,65.4,3.73,7.71,10,1,Low
304,Vivaan Saxena,40.94,67.25,4.11,4.1,4,1,Low
305,Amit Nair,88.79,77.18,8.06,9.46,1,0,High
306,Divya Tiwari,54.46,73.38,2.52,6.13,6,0,Low
307,Reyansh Tiwari,67.54,47.02,6.97,5.8,1,0,Low
308,Rohan Shukla,62.76,68.69,0.56,4.06,2,0,Average
309,Dhruv Pillai,78.69,53.19,9.77,9.84,8,0,Average
310,Raj Khanna,94.08,78.46,5.67,5.63,1,1,High
311,Gaurav Tiwari,79.49,42.55,8.5,4.09,3,0,Low
312,Nisha Joshi,95.73,50.95,5.64,7.4,6,1,Average
313,Sai Shukla,87.43,78.25,0.78,8.47,5,0,Average
314,Siddharth Bose,53.93,35.32,6.05,7.68,9,1,Low
315,Aisha Rao,41.78,49.13,9.93,6.94,5,1,Low
316,Reyansh Banerjee,80.78,76.25,0.86,7.71,3,0,Average
317,Sai Patel,49.25,79.82,6.34,8.44,5,1,Low
318,Atharv Shukla,40.31,51.58,3.6,5.62,2,0,Low
319,Kunal Arora,66.93,68.83,4.08,4.16,5,0,Average
320,Kiran Srivastava,87.07,90.46,0.12,6.48,1,0,Average
321,Arjun Reddy,50.17,56.65,1.39,5.81,7,0,Low
322,Payal Chopra,66.08,59.48,4.84,4.46,4,0,Average
323,Pooja Bajaj,69.75,73.17,4.58,4.81,0,1,Average
324,Riya Bose,62.79,90.35,4.4,6.58,10,0,Average
325,Meera Dhawan,76.19,78.67,4.79,5.07,6,1,Average
326,Divya Mehta,77.97,97.74,7.82,5.96,4,1,High
327,Payal Yadav,95.92,43.99,9.97,5.08,8,0,Low
328,Ankita Jain,96.58,44.68,7.98,8.99,1,1,Low
329,Arjun Chaudhary,48.35,51.2,2.53,4.92,6,1,Low
330,Yash Mishra,99.44,63.55,4.01,7.04,6,0,Average
331,Neha Tandon,82.1,86.86,5.94,9.49,1,0,High
332,Gaurav Roy,61.3,75.29,0.44,9.9,10,1,Average
333,Rhea Mishra,97.94,60.13,0.11,5.55,8,0,Average
334,Isha Shah,63.47,84.06,5.89,7.0,5,0,Average
335,Riya Roy,57.73,94.44,0.86,8.99,2,1,Low
336,Sneha Kumar,67.32,44.48,4.83,6.86,7,1,Low
337,Ankita Reddy,58.02,86.71,1.15,9.1,10,0,Low
338,Zara Menon,95.8,81.83,5.16,7.31,5,1,High
339,Ritika Bajaj,87.87,74.08,1.86,7.94,6,0,Average
340,Priya Kumar,92.99,61.47,4.3,4.03,3,0,Average
341,Ayaan Chatterjee,74.64,85.97,5.37,6.19,3,1,Average
342,Nikhil Mehta,80.24,64.26,9.66,5.88,6,1,Average
343,Ankita Joshi,60.88,89.19,6.17,8.88,4,0,Average
344,Shreya Arora,58.79,46.7,1.17,6.24,2,1,Low
345,Dev Reddy,48.27,56.86,1.86,7.81,10,0,Low
346,Aarav Jain,69.38,39.82,3.15,6.71,0,1,Low
347,Ankita Jain,48.19,87.07,9.64,7.03,7,1,Low
348,Meera Gupta,64.94,88.79,4.89,4.5,0,0,Average
349,Kiran Mehta,56.49,67.63,1.68,6.74,7,0,Low
350,Raj Pillai,56.07,68.02,9.91,7.25,0,1,Low
351,Rhea Chatterjee,99.39,37.17,8.3,8.51,4,0,Low
352,Varun Bhatia,60.91,87.17,4.39,9.96,3,0,Average
353,Yash Pillai,81.35,90.27,6.1,6.57,9,0,High
354,Sneha Mukherjee,88.81,86.38,5.7,7.19,9,0,High
355,Krishna Tripathi,57.36,48.71,8.58,9.91,10,0,Low
356,Ishaan Bose,95.13,99.47,8.67,4.76,2,0,High
357,Sakshi Tripathi,89.71,83.3,6.76,6.94,9,1,High
358,Komal Mishra,62.51,35.29,7.95,8.61,6,1,Low
359,Sakshi Tandon,67.28,64.16,5.82,9.21,1,1,Average
360,Rohan Banerjee,81.84,89.51,7.96,6.39,6,0,High
361,Ankita Singh,59.37,49.85,5.47,4.78,7,1,Low
362,Zara Sharma,42.76,73.83,8.37,4.1,2,1,Low
363,Shaurya Banerjee,99.51,59.95,9.96,9.46,10,1,Average
364,Vihaan Tiwari,45.6,55.23,0.82,7.99,10,0,Low
365,Aarav Pillai,77.54,80.82,7.55,6.58,1,0,High
366,Komal Roy,68.61,39.29,2.26,8.08,0,0,Low
367,Nisha Patel,89.03,99.17,4.22,4.79,1,0,Average
368,Siddharth Joshi,83.85,37.17,3.13,9.29,2,1,Low
369,Rhea Ghosh,78.49,77.4,0.68,7.38,9,0,Average
370,Pranav Patel,83.35,73.97,1.51,6.47,10,1,Average
371,Sneha Joshi,93.8,39.8,1.23,8.38,5,1,Low
372,Siddharth Dhawan,54.87,75.12,2.48,7.61,9,1,Low
373,Ritika Tiwari,41.61,89.29,8.76,5.23,9,0,Low
374,Ayaan Krishnan,57.73,33.82,8.98,9.73,7,1,Low
375,Krishna Pandey,69.97,71.58,5.28,9.87,5,1,Average
376,Vivaan Bhatia,91.65,69.79,3.65,8.1,7,0,Average
377,Sakshi Saxena,44.05,48.35,0.4,4.36,6,1,Low
378,Priya Patel,86.03,59.65,4.02,7.84,8,0,Average
379,Tanvi Bhatia,58.59,65.79,2.03,8.85,8,1,Low
380,Vihaan Krishnan,78.06,88.42,6.81,4.4,6,0,High
381,Ayaan Sharma,45.17,60.41,4.53,7.65,4,0,Low
382,Shaurya Mishra,82.47,79.1,1.64,9.72,8,1,Average
383,Varun Shukla,47.62,84.68,2.69,9.32,0,1,Low
384,Zara Saxena,56.32,34.47,7.12,7.46,1,1,Low
385,Kiran Walia,61.61,64.97,5.67,6.21,4,0,Average
386,Aditya Agarwal,83.37,45.99,5.09,4.26,0,0,Low
387,Dhruv Bose,61.84,94.42,1.79,9.76,0,1,Average
388,Ayaan Saxena,54.9,94.11,3.2,8.96,9,1,Low
389,Arjun Yadav,80.4,33.69,2.23,7.09,0,1,Low
390,Divya Iyer,91.96,84.15,3.11,4.52,7,0,Average
391,Siddharth Iyer,57.5,84.92,7.4,5.46,5,1,Low
392,Dhruv Kapoor,83.95,68.26,7.96,4.9,6,0,Average
393,Ramesh Das,60.79,88.77,8.77,9.71,0,1,Average
394,Simran Banerjee,46.24,67.09,2.38,6.95,0,0,Low
395,Ritika Patel,45.58,94.49,8.97,7.12,5,1,Low
396,Aisha Tandon,74.85,65.38,6.37,6.37,9,0,Average
397,Sneha Chaudhary,97.85,46.57,2.61,5.89,6,1,Low
398,Ishaan Shah,56.32,35.23,2.03,8.68,9,0,Low
399,Riya Yadav,49.86,62.62,4.07,7.22,3,1,Low
400,Pranav Bose,55.9,38.39,1.58,8.12,9,0,Low
401,Diya Rao,48.9,79.78,9.68,6.38,0,1,Low
402,Zara Shah,41.86,58.31,4.52,8.49,3,0,Low
403,Advik Tiwari,88.23,39.79,0.12,8.98,3,0,Low
404,Vivaan Kumar,62.33,74.12,6.45,7.49,4,0,Average
405,Aditya Yadav,51.87,75.22,8.09,4.55,5,0,Low
406,Nisha Walia,43.04,94.69,4.33,8.35,7,0,Low
407,Aditya Bajaj,65.6,54.78,9.08,5.65,7,0,Average
408,Vihaan Patel,77.15,47.2,2.95,6.47,8,1,Low
409,Sakshi Kapoor,56.79,39.61,1.99,9.31,8,0,Low
410,Kavya Khanna,87.69,99.26,7.82,6.15,8,1,High
411,Varun Banerjee,70.14,57.19,1.8,5.91,3,0,Average
412,Sai Krishnan,43.52,99.41,5.29,8.6,3,0,Low
413,Kiran Pandey,79.41,48.66,8.16,9.5,0,0,Low
414,Varun Dhawan,61.29,88.75,8.45,5.06,9,1,Average
415,Kiran Iyer,61.53,71.41,7.03,6.11,9,0,Average
416,Aditya Patel,90.2,86.73,9.7,7.25,2,1,High
417,Varun Joshi,43.37,72.12,0.2,6.87,5,0,Low
418,Ishaan Bhatia,60.45,42.42,8.02,9.21,0,0,Low
419,Divya Tandon,82.28,39.92,1.11,7.16,5,0,Low
420,Yash Chopra,63.74,37.07,3.02,4.82,2,1,Low
421,Dhruv Tandon,97.64,75.44,1.74,9.81,9,1,Average
422,Payal Sharma,75.34,42.27,3.07,8.13,2,0,Low
423,Atharv Arora,96.93,96.41,3.92,9.97,9,0,Average
424,Ishaan Roy,59.09,86.62,6.11,7.84,1,1,Low
425,Rhea Sharma,84.72,46.66,9.82,5.01,1,1,Low
426,Vihaan Pandey,55.91,47.47,0.68,5.54,1,0,Low
427,Raj Pandey,66.29,59.38,1.66,6.48,6,1,Average
428,Shaurya Chaudhary,46.09,63.56,8.64,7.91,10,0,Low
429,Pooja Reddy,44.42,89.2,2.95,5.91,1,0,Low
430,Kunal Bajaj,93.28,41.26,0.75,9.65,1,1,Low
431,Shaurya Singh,93.59,79.32,4.31,7.92,9,1,Average
432,Neha Mukherjee,46.08,44.39,1.9,8.18,8,1,Low
433,Vihaan Mishra,57.84,36.71,3.93,7.3,7,0,Low
434,Sai Verma,40.23,36.13,8.24,7.75,7,0,Low
435,Yash Tiwari,52.42,74.67,9.77,6.84,1,1,Low
436,Divya Pandey,68.26,92.64,2.65,7.85,6,0,Average
437,Kiran Singh,62.16,61.2,2.63,6.79,3,1,Average
438,Gaurav Bhatia,49.07,78.75,0.97,8.01,8,1,Low
439,Kiran Krishnan,53.65,34.27,3.87,7.14,8,1,Low
440,Ayaan Chaudhary,68.58,35.53,9.03,8.29,8,0,Low
441,Aisha Patel,50.37,98.91,9.72,8.85,2,0,Low
442,Sneha Kumar,99.3,60.48,9.97,7.76,9,1,Average
443,Aarav Dhawan,45.22,68.95,5.52,9.14,8,1,Low
444,Sai Khanna,77.38,66.58,4.2,6.49,2,0,Average
445,Nisha Sethi,86.77,85.0,8.67,9.28,6,1,High
446,Aditya Tiwari,69.14,72.63,0.37,5.65,2,1,Average
447,Vivaan Roy,93.37,53.2,2.38,8.47,4,1,Average
448,Dhruv Joshi,89.04,51.21,2.8,6.95,10,0,Average
449,Advik Chaudhary,58.03,82.06,7.74,5.93,6,0,Low
450,Rahul Reddy,52.68,87.68,7.41,8.56,5,0,Low
451,Atharv Iyer,43.94,79.67,4.03,8.68,8,0,Low
452,Simran Iyer,92.51,44.05,0.58,4.2,0,1,Low
453,Ananya Mishra,56.44,87.65,5.05,7.81,1,0,Low
454,Kavya Reddy,69.33,61.23,9.61,6.85,8,1,Average
455,Vihaan Reddy,90.26,48.11,8.31,4.54,0,1,Low
456,Priya Sethi,91.23,84.59,2.14,5.33,3,0,Average
457,Krishna Sethi,64.57,31.4,7.8,8.61,0,1,Low
458,Aisha Pandey,50.39,86.06,2.24,7.65,4,1,Low
459,Nikhil Shah,91.1,62.13,2.18,5.81,8,1,Average
460,Riya Walia,40.44,99.96,9.66,9.04,8,1,Low
461,Swati Sethi,46.49,34.47,9.88,7.84,4,1,Low
462,Neha Bose,57.93,40.5,7.65,9.4,9,1,Low
463,Tanvi Pandey,80.85,80.49,6.55,9.98,4,1,High
464,Ankita Kapoor,84.2,70.81,9.95,8.9,5,0,High
465,Suresh Tandon,78.3,63.3,9.41,6.15,4,0,Average
466,Ankita Roy,92.59,42.68,0.98,4.77,4,0,Low
467,Divya Chatterjee,79.27,45.56,2.23,9.23,6,1,Low
468,Isha Iyer,75.13,62.46,1.18,4.32,10,0,Average
469,Krishna Iyer,70.03,90.72,3.82,5.79,0,0,Average
470,Simran Rao,60.56,99.1,8.93,9.92,2,1,Average
471,Aarav Chaudhary,86.74,64.13,6.31,5.06,10,0,Average
472,Krishna Bajaj,56.41,83.28,1.69,8.59,7,0,Low
473,Raj Iyer,66.02,60.06,4.29,6.86,0,0,Average
474,Vivaan Walia,83.84,96.5,8.92,8.54,8,0,High
475,Sai Pandey,40.25,81.35,2.26,9.26,4,0,Low
476,Payal Srivastava,70.2,51.43,0.65,4.27,4,1,Average
477,Kavya Iyer,75.78,53.65,8.88,9.97,5,1,Average
478,Pranav Verma,49.89,93.48,8.12,4.11,3,0,Low
479,Sakshi Chatterjee,75.38,41.83,3.67,7.9,0,1,Low
480,Vihaan Dhawan,86.27,73.62,5.94,4.29,1,0,High
481,Komal Walia,46.95,61.1,1.24,5.52,2,0,Low
482,Shreya Shah,77.82,51.08,6.62,7.97,4,0,Average
483,Kunal Iyer,70.7,73.24,2.83,8.71,7,0,Average
484,Shaurya Gupta,86.68,88.2,9.73,6.15,6,1,High
485,Aarav Tandon,72.89,93.72,6.88,6.88,3,0,Average
486,Payal Shah,45.34,37.73,5.74,6.96,1,0,Low
487,Vihaan Shah,94.29,75.1,4.57,9.86,4,1,Average
488,Aisha Mehta,88.79,91.19,8.52,6.16,10,1,High
489,Pooja Ghosh,45.7,83.07,0.46,9.11,10,0,Low
490,Atharv Mehta,93.67,96.86,2.68,8.4,5,1,Average
491,Swati Reddy,64.05,97.36,2.72,6.31,7,1,Average
492,Shreya Bhatia,46.78,78.73,0.59,9.65,2,0,Low
493,Ankita Joshi,68.96,69.83,4.38,7.67,5,0,Average
494,Swati Bose,68.98,64.17,8.88,6.64,1,1,Average
495,Neha Roy,40.74,90.78,5.25,8.46,9,0,Low
496,Kavya Tandon,71.15,78.18,6.18,6.6,3,1,Average
497,Aarav Sethi,80.58,56.94,8.39,7.35,9,0,Average
498,Gaurav Jain,96.06,65.39,4.69,6.98,2,0,Average
499,Tanvi Krishnan,59.24,53.16,2.78,7.04,8,1,Low
500,Sneha Mehta,44.73,61.09,5.73,4.53,7,1,Low
501,Deepak Patel,98.84,82.17,0.18,6.42,0,0,Average
502,Swati Tandon,87.51,97.42,6.38,9.34,8,0,High
503,Dev Bajaj,67.37,53.86,8.25,8.9,7,1,Average
504,Aarav Roy,76.0,80.17,3.63,6.72,1,0,Average
505,Aditya Reddy,61.31,74.36,8.0,7.29,5,0,Average
506,Advik Mehta,69.55,87.53,7.43,6.46,4,0,Average
507,Gaurav Tripathi,95.81,57.5,4.57,8.69,5,0,Average
508,Neha Bhatia,42.79,74.33,6.72,4.74,7,1,Low
509,Suresh Bhatia,97.37,39.42,4.99,7.18,0,1,Low
510,Payal Joshi,68.98,65.58,9.21,5.06,9,0,Average
511,Kunal Dhawan,46.21,76.03,6.06,5.93,6,1,Low
512,Krishna Tripathi,85.74,49.15,9.64,9.82,7,0,Low
513,Simran Malhotra,76.15,92.05,5.12,9.06,8,1,High
514,Simran Sethi,77.95,44.06,6.24,5.74,5,0,Low
515,Dev Agarwal,98.51,42.45,5.42,7.82,1,1,Low
516,Ramesh Shukla,74.97,95.99,7.1,8.05,8,1,Average
517,Advik Banerjee,88.5,66.59,0.25,4.87,10,0,Average
518,Pranav Kapoor,85.01,41.27,2.87,5.5,0,1,Low
519,Ritika Sethi,41.94,86.98,1.02,9.21,8,0,Low
520,Nisha Pandey,73.68,46.63,7.84,8.79,4,0,Low
521,Ritika Chatterjee,64.99,85.17,6.85,9.79,0,0,Average
522,Gaurav Bhatia,52.19,90.82,8.6,6.66,3,1,Low
523,Atharv Walia,72.8,72.24,7.76,9.79,4,1,Average
524,Priya Malhotra,44.47,97.37,7.35,4.72,0,1,Low
525,Aditya Nair,55.85,41.27,8.46,4.03,7,0,Low
526,Rohan Khanna,95.72,71.78,7.74,7.75,10,1,High
527,Yash Saxena,73.01,35.1,7.08,7.15,2,0,Low
528,Pooja Mishra,49.56,68.02,4.03,6.1,3,1,Low
529,Ayaan Tandon,57.61,96.52,6.18,6.85,8,0,Low
530,Ankita Bose,60.76,46.82,6.42,9.51,3,0,Low
531,Amit Mishra,62.88,85.73,1.13,5.54,4,0,Average
532,Sneha Saxena,70.86,65.61,4.87,5.78,10,0,Average
533,Sakshi Kumar,44.94,36.72,9.72,8.64,8,0,Low
534,Raj Dhawan,52.65,74.07,2.13,8.11,1,0,Low
535,Vivaan Yadav,92.72,81.9,4.35,8.9,1,0,Average
536,Kiran Menon,83.01,32.65,0.73,5.07,4,0,Low
537,Nisha Walia,94.66,58.53,4.51,6.43,5,0,Average
538,Komal Kumar,47.1,30.41,7.2,4.38,9,0,Low
539,Meera Chaudhary,61.46,65.2,2.9,8.12,9,0,Average
540,Ritika Tiwari,62.88,87.55,0.31,4.94,3,0,Average
541,Aarav Malhotra,87.81,89.46,2.95,7.8,4,1,Average
542,Riya Pillai,92.49,39.9,0.42,7.44,6,0,Low
543,Shaurya Rao,84.9,93.25,3.44,6.48,10,0,Average
544,Ramesh Malhotra,53.25,88.43,1.94,5.09,9,0,Low
545,Payal Bhatia,67.68,68.48,2.91,4.4,1,0,Average
546,Harsh Kumar,69.23,53.16,1.28,7.93,1,1,Average
547,Kiran Khanna,94.01,52.25,4.51,7.7,4,0,Average
548,Simran Sethi,61.87,52.14,4.28,4.03,3,0,Average
549,Rhea Ghosh,66.17,88.81,1.34,8.4,7,1,Average
550,Ramesh Joshi,86.49,64.09,1.09,7.87,1,1,Average
551,Ramesh Saxena,93.48,43.75,7.34,7.76,1,0,Low
552,Dev Chatterjee,77.9,86.88,5.79,8.62,3,0,High
553,Dhruv Bhatia,72.61,99.91,4.72,8.65,5,1,Average
554,Rahul Sharma,83.99,50.37,4.65,7.06,6,1,Average
555,Rhea Reddy,79.76,89.36,8.07,7.68,2,0,High
556,Aditya Menon,50.75,96.41,6.59,9.81,7,1,Low
557,Amit Mishra,85.69,46.22,2.64,5.4,10,0,Low
558,Sai Srivastava,63.29,94.25,8.82,4.24,10,1,Average
559,Nisha Sethi,78.01,49.14,7.42,7.47,9,0,Low
560,Dhruv Srivastava,62.71,71.14,8.98,4.47,4,1,Average
561,Rahul Joshi,64.35,87.21,3.45,8.76,9,0,Average
562,Shaurya Mishra,66.39,46.1,5.15,5.68,2,0,Low
563,Isha Walia,76.12,87.19,6.61,6.49,5,0,High
564,Aditya Joshi,68.73,44.75,1.61,9.0,0,0,Low
565,Vihaan Reddy,74.41,41.28,6.3,4.24,9,0,Low
566,Payal Tandon,55.5,42.6,9.58,7.6,9,0,Low
567,Shaurya Menon,89.28,96.31,2.17,7.64,7,1,Average
568,Shaurya Walia,89.82,72.06,7.95,8.92,2,1,High
569,Sai Verma,60.56,61.74,5.91,5.38,6,0,Average
570,Atharv Agarwal,52.14,90.17,5.04,6.52,2,0,Low
571,Isha Tandon,94.1,71.99,8.78,7.19,1,0,High
572,Amit Tripathi,47.82,72.24,8.28,9.38,10,1,Low
573,Kavya Bhatia,62.22,33.04,5.3,5.38,7,1,Low
574,Diya Agarwal,88.28,93.55,8.37,7.46,6,0,High
575,Diya Iyer,85.95,93.71,0.84,7.59,8,1,Average
576,Nisha Sethi,40.33,82.06,0.07,7.14,8,0,Low
577,Diya Kapoor,52.33,86.3,4.09,4.64,6,1,Low
578,Dev Malhotra,65.41,55.6,2.76,8.08,3,1,Average
579,Siddharth Tiwari,68.95,55.91,5.55,5.52,4,1,Average
580,Sai Pillai,84.15,89.85,6.59,8.49,7,0,High
581,Shaurya Pandey,70.5,85.03,8.01,7.68,10,0,Average
582,Reyansh Kumar,97.87,30.37,0.91,4.87,9,1,Low
583,Simran Arora,55.79,55.96,6.09,8.35,6,1,Low
584,Ramesh Tandon,43.45,84.15,1.75,6.97,0,0,Low
585,Harsh Reddy,95.85,66.27,1.95,8.7,8,0,Average
586,Siddharth Tiwari,80.44,55.18,6.55,9.85,1,1,Average
587,Dev Mukherjee,61.19,57.66,5.86,7.11,1,0,Average
588,Kunal Iyer,83.57,69.14,5.83,6.08,4,0,Average
589,Dev Kumar,67.29,58.28,0.05,5.05,8,0,Average
590,Komal Chaudhary,70.19,53.8,1.17,7.08,4,1,Average
591,Nikhil Verma,97.96,69.42,7.7,8.54,7,1,Average
592,Varun Bose,68.92,48.05,3.83,8.73,3,0,Low
593,Meera Patel,64.75,54.72,5.36,8.2,4,0,Average
594,Sneha Ghosh,63.94,82.42,3.42,7.33,2,1,Average
595,Ritika Iyer,53.11,70.16,1.83,8.48,3,1,Low
596,Ishaan Shah,54.09,46.94,2.65,5.38,3,1,Low
597,Ramesh Agarwal,47.19,35.49,9.56,6.96,0,0,Low
598,Rohan Rao,62.27,52.08,8.98,9.29,9,1,Average
599,Vihaan Srivastava,99.06,94.12,2.8,5.33,9,0,Average
600,Zara Mehta,87.96,63.48,5.41,7.01,6,0,Average
601,Nikhil Shah,81.89,62.2,6.89,4.07,3,1,Average
602,Isha Bajaj,59.53,72.89,2.6,7.29,3,1,Low
603,Ramesh Tiwari,60.59,42.87,4.24,6.51,5,1,Low
604,Payal Banerjee,56.78,42.59,1.31,7.46,3,0,Low
605,Varun Sharma,88.25,68.87,8.56,5.18,2,1,Average
606,Yash Jain,50.6,64.97,9.96,9.1,8,1,Low
607,Pranav Chatterjee,58.0,69.35,5.68,6.39,2,0,Low
608,Dev Malhotra,68.59,74.09,4.5,6.01,5,1,Average
609,Kiran Khanna,95.91,48.04,0.2,4.73,10,0,Low
610,Siddharth Chaudhary,78.99,67.69,9.79,5.71,5,1,Average
611,Sakshi Roy,93.38,56.67,2.87,7.79,2,0,Average
612,Pooja Menon,65.31,72.86,4.05,9.44,1,0,Average
613,Rhea Mishra,58.81,75.71,7.1,7.63,6,1,Low
614,Payal Krishnan,84.87,66.47,4.5,5.0,0,0,Average
615,Sai Shah,79.72,95.83,7.01,4.48,2,1,High
616,Sai Chatterjee,43.83,91.51,5.48,4.16,6,0,Low
617,Ritika Mukherjee,77.09,35.9,9.32,6.34,3,0,Low
618,Sneha Agarwal,66.59,38.85,5.27,5.02,0,1,Low
619,Nikhil Arora,68.03,90.96,9.35,7.29,2,0,Average
620,Kavya Agarwal,67.39,82.42,8.77,6.61,10,1,Average
621,Riya Sharma,72.38,86.33,4.42,6.19,4,0,Average
622,Komal Jain,40.01,87.08,8.48,6.06,7,0,Low
623,Yash Sharma,96.82,63.39,0.09,6.58,4,0,Average
624,Simran Sethi,72.89,43.2,8.82,6.62,3,0,Low
625,Meera Sethi,63.38,56.49,2.63,6.53,3,1,Average
626,Meera Mehta,84.58,86.62,4.13,9.12,2,0,Average
627,Vivaan Nair,78.21,73.24,2.72,7.74,3,1,Average
628,Simran Chaudhary,42.98,67.45,1.86,4.61,4,0,Low
629,Riya Jain,83.63,46.3,1.51,6.96,5,1,Low
630,Priya Tiwari,99.88,62.46,7.91,5.98,2,0,Average
631,Ayaan Krishnan,44.28,62.91,1.92,9.05,6,0,Low
632,Ritika Shah,63.09,98.25,2.47,9.97,3,1,Average
633,Shaurya Chopra,71.27,98.75,4.73,8.09,4,1,Average
634,Advik Mishra,83.69,82.13,5.5,4.73,7,1,High
635,Sneha Sharma,93.25,90.46,2.18,4.68,10,1,Average
636,Nikhil Dhawan,50.04,49.33,1.2,8.73,0,0,Low
637,Reyansh Walia,68.52,71.73,3.71,4.54,2,1,Average
638,Swati Nair,77.12,95.16,9.97,7.75,0,1,High
639,Varun Chaudhary,82.08,85.4,1.26,5.4,8,1,Average
640,Rohan Chaudhary,83.99,31.49,3.78,8.35,4,0,Low
641,Sneha Yadav,73.54,67.99,4.9,7.4,8,1,Average
642,Rhea Mukherjee,56.52,88.19,9.14,7.33,1,0,Low
643,Payal Rao,89.17,67.91,4.54,8.66,8,1,Average
644,Neha Kapoor,92.98,73.38,3.64,7.72,5,0,Average
645,Sneha Tripathi,89.14,43.29,6.83,8.59,2,1,Low
646,Aditya Iyer,78.45,37.73,5.23,4.4,2,0,Low
647,Amit Bajaj,46.42,43.41,0.32,7.85,6,1,Low
648,Pranav Sethi,82.08,47.92,3.66,7.64,1,0,Low
649,Dev Tripathi,69.48,92.28,0.8,8.81,0,1,Average
650,Payal Kumar,89.32,85.6,0.58,7.7,8,0,Average
651,Raj Pandey,90.07,35.46,2.16,7.12,1,0,Low
652,Ritika Shah,51.37,66.83,2.49,7.75,2,1,Low
653,Shaurya Rao,85.98,70.36,6.74,8.22,6,0,High
654,Kavya Bose,73.0,65.33,6.58,7.2,9,1,Average
655,Deepak Bose,73.0,99.78,8.45,6.47,10,1,Average
656,Rhea Chaudhary,76.5,69.42,2.14,8.59,4,1,Average
657,Riya Sharma,97.59,30.01,0.35,5.71,0,0,Low
658,Sai Gupta,58.02,45.53,8.56,4.13,4,0,Low
659,Diya Das,67.62,40.93,2.65,9.34,3,0,Low
660,Atharv Jain,45.51,57.99,9.18,8.41,5,1,Low
661,Aditya Khanna,89.54,78.27,5.76,9.45,9,1,High
662,Ayaan Menon,62.89,84.61,9.22,6.01,6,1,Average
663,Vihaan Das,84.86,89.46,9.29,7.8,10,1,High
664,Vihaan Walia,71.46,52.35,5.65,5.96,3,0,Average
665,Dhruv Shukla,83.89,57.5,4.46,7.57,8,0,Average
666,Dev Tiwari,57.39,57.6,1.32,4.5,9,0,Low
667,Dev Iyer,55.75,57.9,4.34,8.19,2,1,Low
668,Ananya Kumar,69.27,75.66,1.96,7.7,8,0,Average
669,Aisha Mishra,55.98,60.1,6.85,7.46,1,1,Low
670,Kavya Bajaj,60.9,52.45,5.94,4.15,4,0,Average
671,Ankita Mishra,89.3,86.2,6.23,6.64,3,0,High
672,Suresh Mukherjee,49.36,80.99,0.86,8.44,3,0,Low
673,Pranav Kapoor,40.82,78.57,1.11,6.7,0,1,Low
674,Komal Dhawan,52.71,68.25,7.5,7.29,9,0,Low
675,Vihaan Mukherjee,80.1,56.36,9.06,7.16,4,0,Average
676,Nisha Tandon,52.04,78.76,2.71,6.79,0,0,Low
677,Swati Pandey,56.28,89.65,6.6,9.19,0,1,Low
678,Kunal Kapoor,53.87,56.65,9.77,4.6,5,1,Low
679,Ananya Srivastava,45.28,43.92,9.67,7.36,0,0,Low
680,Kavya Chopra,58.3,64.3,7.44,4.11,10,1,Low
681,Nisha Verma,58.14,99.72,9.79,5.66,0,1,Low
682,Reyansh Pandey,96.65,96.44,2.26,6.05,6,0,Average
683,Kiran Nair,71.24,77.46,8.73,8.12,6,0,Average
684,Swati Joshi,65.59,51.87,6.05,6.7,2,0,Average
685,Aisha Nair,74.86,77.88,2.02,4.83,8,0,Average
686,Atharv Bose,79.37,69.54,1.58,4.41,8,0,Average
687,Riya Chaudhary,90.37,40.19,0.29,5.91,6,1,Low
688,Sai Joshi,84.74,87.52,6.37,8.43,2,0,High
689,Kunal Menon,51.08,83.37,6.12,5.6,9,0,Low
690,Simran Sethi,53.85,31.83,0.79,8.68,2,1,Low
691,Aditya Tripathi,62.44,89.65,4.91,4.83,3,0,Average
692,Gaurav Pillai,85.87,31.05,2.7,6.48,10,0,Low
693,Zara Krishnan,43.97,94.9,9.86,9.2,7,1,Low
694,Harsh Khanna,65.65,84.34,6.08,8.95,5,1,Average
695,Rhea Yadav,75.63,66.77,8.76,8.72,8,0,Average
696,Dev Pandey,89.62,32.97,9.96,7.11,6,0,Low
697,Siddharth Mukherjee,70.97,74.15,0.49,5.75,6,1,Average
698,Zara Sethi,67.68,59.57,6.13,4.33,8,0,Average
699,Tanvi Tripathi,67.1,80.59,1.13,8.67,8,0,Average
700,Reyansh Chatterjee,59.41,31.74,4.54,9.38,3,1,Low
701,Ayaan Chaudhary,59.44,75.4,7.11,4.98,1,0,Low
702,Nisha Malhotra,78.04,35.97,7.07,8.36,8,0,Low
703,Shaurya Nair,62.84,83.78,9.12,7.39,10,0,Average
704,Sakshi Rao,50.73,79.84,4.2,5.86,7,1,Low
705,Zara Jain,47.05,39.21,2.03,7.74,4,0,Low
706,Nikhil Tandon,91.32,68.05,0.06,9.3,3,0,Average
707,Harsh Chopra,68.54,58.71,0.79,7.6,3,1,Average
708,Aditya Nair,73.45,87.77,0.49,4.89,10,1,Average
709,Sai Tripathi,91.23,76.69,8.38,5.79,1,0,High
710,Zara Bhatia,99.62,41.29,2.84,7.97,9,0,Low
711,Gaurav Shukla,61.61,32.51,7.69,5.94,6,0,Low
712,Amit Tripathi,90.6,34.54,4.71,4.73,4,1,Low
713,Isha Dhawan,71.48,78.71,6.12,4.66,10,0,Average
714,Amit Khanna,76.29,85.17,7.07,6.56,5,1,High
715,Rohan Rao,99.7,54.77,1.3,7.38,8,1,Average
716,Zara Chopra,93.02,46.29,2.9,5.16,1,0,Low
717,Aditya Roy,87.8,81.62,2.07,7.69,6,1,Average
718,Yash Kumar,60.98,86.42,2.12,7.84,4,1,Average
719,Pooja Tiwari,58.47,65.47,3.24,4.04,10,1,Low
720,Ankita Agarwal,83.46,73.12,0.29,5.05,5,1,Average
721,Raj Roy,94.97,85.81,6.46,6.89,10,1,High
722,Kiran Walia,67.75,86.99,9.28,4.34,8,1,Average
723,Ishaan Banerjee,58.93,67.51,2.08,8.11,5,0,Low
724,Atharv Arora,90.44,53.74,3.75,7.21,2,1,Average
725,Shreya Patel,47.01,84.76,3.08,9.15,0,1,Low
726,Atharv Mehta,69.82,46.63,4.52,9.7,3,1,Low
727,Varun Agarwal,62.45,32.62,2.02,4.56,8,0,Low
728,Siddharth Bose,94.3,40.79,3.4,6.9,8,1,Low
729,Pranav Gupta,48.6,91.03,8.22,9.63,10,0,Low
730,Pooja Yadav,67.56,79.96,5.22,4.02,0,0,Average
731,Sakshi Pillai,93.35,37.22,7.66,8.47,0,1,Low
732,Priya Nair,59.25,43.48,2.77,5.91,7,0,Low
733,Raj Ghosh,49.45,38.01,9.58,7.36,1,0,Low
734,Shaurya Kumar,72.96,48.97,9.43,8.82,9,0,Low
735,Ankita Singh,58.68,92.46,5.41,4.3,0,1,Low
736,Harsh Ghosh,46.36,33.77,4.26,5.07,9,1,Low
737,Gaurav Yadav,58.75,87.22,7.13,8.03,8,0,Low
738,Riya Walia,74.07,36.5,8.02,8.19,1,1,Low
739,Divya Tiwari,78.67,83.65,4.71,9.68,2,1,Average
740,Rohan Verma,51.0,94.21,3.3,9.16,5,1,Low
741,Kunal Khanna,43.92,37.9,4.79,9.07,4,1,Low
742,Yash Das,47.64,37.21,8.18,8.78,5,0,Low
743,Isha Pandey,71.96,58.06,4.13,7.73,8,0,Average
744,Raj Dhawan,43.96,44.58,6.94,6.59,6,1,Low
745,Ayaan Bhatia,54.17,76.38,0.78,9.59,9,1,Low
746,Arjun Arora,75.76,52.78,0.98,6.67,4,1,Average
747,Reyansh Pillai,46.52,86.98,7.71,6.27,7,0,Low
748,Neha Nair,89.02,92.11,9.03,7.82,0,0,High
749,Riya Khanna,67.18,50.41,6.16,6.68,3,1,Average
750,Nikhil Sharma,87.66,77.57,9.19,9.62,5,0,High
751,Dev Singh,76.69,65.73,8.48,9.12,0,1,Average
752,Ananya Shukla,40.05,69.2,9.79,4.66,4,0,Low
753,Raj Pillai,82.13,57.6,3.18,6.3,6,1,Average
754,Ishaan Mukherjee,79.75,63.24,1.88,6.31,5,1,Average
755,Payal Jain,99.85,76.9,1.34,4.43,0,0,Average
756,Yash Dhawan,79.48,98.25,1.36,4.82,6,1,Average
757,Nisha Ghosh,76.27,59.8,1.8,7.06,8,1,Average
758,Shreya Kapoor,53.54,59.73,0.07,6.99,3,1,Low
759,Nikhil Agarwal,74.58,32.34,0.38,6.9,5,0,Low
760,Amit Patel,97.7,35.6,7.3,7.16,4,1,Low
761,Ankita Chopra,71.4,72.7,2.45,7.78,10,0,Average
762,Isha Yadav,72.35,70.57,6.13,9.42,8,0,Average
763,Shaurya Gupta,70.76,62.85,7.34,6.53,4,1,Average
764,Sakshi Agarwal,81.7,71.83,3.04,8.71,4,0,Average
765,Meera Jain,74.69,70.1,6.56,5.75,9,0,Average
766,Priya Chatterjee,44.95,65.39,8.51,5.67,2,1,Low
767,Divya Rao,40.85,37.81,1.75,7.55,2,1,Low
768,Reyansh Nair,55.68,79.05,4.85,8.8,0,1,Low
769,Ananya Tandon,75.73,87.52,8.38,8.52,6,1,High
770,Swati Chatterjee,66.41,74.63,2.11,8.41,5,0,Average
771,Ritika Kapoor,85.33,38.12,1.68,6.39,4,1,Low
772,Aarav Mukherjee,54.02,77.85,3.9,5.58,8,1,Low
773,Sai Kapoor,95.63,61.42,6.78,9.77,10,0,Average
774,Priya Banerjee,78.25,96.93,4.32,9.51,4,1,Average
775,Payal Walia,88.14,47.87,5.84,6.77,10,0,Low
776,Dev Sharma,75.32,43.64,3.37,8.14,2,1,Low
777,Kavya Menon,80.37,88.22,0.12,4.59,1,1,Average
778,Kunal Chopra,83.52,47.63,0.34,7.72,0,0,Low
779,Ayaan Dhawan,47.31,97.05,0.86,7.63,6,0,Low
780,Siddharth Shukla,51.06,50.62,6.6,4.45,7,1,Low
781,Siddharth Singh,81.53,76.73,7.7,5.54,1,1,High
782,Rhea Kumar,62.97,53.29,0.6,9.73,4,0,Average
783,Ishaan Kapoor,69.5,95.0,6.1,5.07,7,0,Average
784,Aditya Kumar,86.12,45.29,6.43,9.48,4,0,Low
785,Swati Chopra,44.22,80.93,7.77,4.11,7,0,Low
786,Kiran Sharma,40.05,32.65,3.9,4.91,5,1,Low
787,Aarav Pandey,70.92,95.79,4.91,6.62,1,0,Average
788,Ankita Das,97.25,87.26,4.82,7.4,5,1,Average
789,Reyansh Yadav,64.04,74.26,9.59,4.54,8,1,Average
790,Riya Dhawan,85.63,50.3,2.03,7.33,6,0,Average
791,Ritika Iyer,63.41,37.47,6.89,6.92,10,1,Low
792,Arjun Kapoor,48.4,43.52,7.2,7.56,7,1,Low
793,Pooja Singh,78.6,64.98,9.65,8.87,0,0,Average
794,Ankita Kapoor,60.26,80.47,4.06,5.27,10,1,Average
795,Swati Verma,48.94,70.55,9.25,4.22,2,1,Low
796,Atharv Chopra,68.27,94.26,0.46,8.21,2,0,Average
797,Deepak Shah,43.0,51.51,7.94,6.74,2,0,Low
798,Pooja Walia,46.85,71.65,6.16,4.38,3,1,Low
799,Gaurav Gupta,64.12,38.46,6.84,7.28,5,0,Low
800,Komal Mishra,75.59,53.49,1.21,4.85,6,0,Average
801,Siddharth Reddy,73.2,60.71,9.26,4.24,1,1,Average
802,Shreya Dhawan,40.94,64.09,0.06,5.08,1,1,Low
803,Amit Chaudhary,88.44,84.08,6.92,5.24,10,1,High
804,Harsh Patel,64.72,95.67,6.11,4.23,2,1,Average
805,Ayaan Srivastava,77.63,84.78,3.48,4.03,3,0,Average
806,Zara Chopra,98.61,73.32,8.63,9.92,8,0,High
807,Rohan Rao,79.56,49.35,1.94,8.78,10,1,Low
808,Diya Roy,49.59,94.59,0.54,6.19,3,1,Low
809,Shaurya Verma,77.01,92.31,4.53,4.63,0,0,Average
810,Shreya Iyer,69.1,38.12,8.95,8.33,9,1,Low
811,Ananya Tripathi,84.83,92.89,2.3,4.66,3,0,Average
812,Aisha Nair,92.19,56.29,2.21,6.83,7,0,Average
813,Sakshi Ghosh,52.97,72.66,1.78,6.24,7,0,Low
814,Krishna Mehta,98.53,44.15,1.27,8.15,0,1,Low
815,Yash Chopra,91.1,62.1,1.71,6.06,4,0,Average
816,Shreya Srivastava,97.17,93.39,5.78,7.32,3,0,High
817,Payal Shukla,69.35,99.7,5.92,9.02,4,0,Average
818,Kiran Sharma,84.17,47.27,3.27,7.48,9,0,Low
819,Aisha Srivastava,65.07,33.1,9.91,8.4,8,0,Low
820,Reyansh Malhotra,63.66,86.68,6.97,4.59,7,0,Average
821,Ananya Sethi,85.18,78.52,4.07,5.31,5,1,Average
822,Zara Yadav,99.94,31.12,6.69,4.97,7,0,Low
823,Simran Chopra,86.31,91.19,4.05,8.74,5,1,Average
824,Meera Shukla,40.08,73.91,3.85,8.14,8,0,Low
825,Harsh Roy,85.17,78.86,6.13,7.45,3,0,High
826,Nisha Mishra,84.15,33.84,9.45,8.05,0,0,Low
827,Krishna Roy,67.92,32.86,3.66,7.89,1,0,Low
828,Gaurav Menon,54.32,37.95,4.78,9.63,9,0,Low
829,Divya Ghosh,59.23,92.86,5.04,6.54,0,0,Low
830,Rhea Bajaj,67.14,65.1,8.3,6.82,8,1,Average
831,Zara Patel,62.09,77.13,6.93,9.87,1,0,Average
832,Priya Mehta,44.81,92.86,2.88,9.74,1,0,Low
833,Meera Tripathi,81.82,64.74,8.75,7.12,10,0,Average
834,Meera Iyer,98.17,67.9,1.32,6.08,7,0,Average
835,Shreya Bhatia,43.78,91.03,2.32,9.68,10,1,Low
836,Zara Das,60.57,75.22,3.26,7.56,8,1,Average
837,Divya Mukherjee,74.04,92.88,3.06,8.74,3,1,Average
838,Simran Kapoor,86.18,33.31,3.53,6.74,2,0,Low
839,Shaurya Krishnan,57.11,98.12,8.39,8.16,10,0,Low
840,Pranav Malhotra,47.02,99.56,5.75,6.65,5,0,Low
841,Raj Das,82.43,76.59,9.78,4.89,7,0,High
842,Ishaan Sharma,47.29,31.74,9.31,8.61,7,1,Low
843,Meera Khanna,98.21,68.23,5.07,7.88,4,1,Average
844,Payal Agarwal,80.01,85.97,7.29,9.53,5,0,High
845,Rhea Ghosh,94.01,39.76,5.51,5.85,6,0,Low
846,Advik Verma,45.55,33.85,6.41,7.5,3,1,Low
847,Advik Jain,45.02,89.46,6.77,9.75,8,1,Low
848,Ishaan Shukla,59.07,72.36,9.43,9.45,5,1,Low
849,Pranav Chaudhary,62.18,56.1,2.85,6.11,7,0,Average
850,Krishna Bhatia,84.49,59.09,4.43,4.98,6,1,Average
851,Arjun Bhatia,75.88,40.05,3.03,9.93,8,1,Low
852,Dev Yadav,85.37,36.19,4.09,9.49,6,0,Low
853,Dev Jain,82.61,82.87,1.37,5.12,6,1,Average
854,Dhruv Verma,42.53,87.84,8.35,5.82,8,1,Low
855,Ayaan Sethi,87.47,40.78,3.0,7.84,10,1,Low
856,Vivaan Mehta,79.95,50.14,1.79,9.44,10,0,Average
857,Kiran Shukla,85.88,64.51,9.71,7.59,5,1,Average
858,Rahul Khanna,92.1,73.96,4.76,8.17,1,1,Average
859,Kavya Reddy,41.05,48.17,5.82,4.88,7,0,Low
860,Meera Srivastava,43.17,55.28,6.36,9.73,0,1,Low
861,Raj Bose,78.34,35.38,1.94,7.77,1,0,Low
862,Sai Kapoor,92.35,87.88,6.85,5.81,10,1,High
863,Shreya Roy,74.8,87.63,0.13,7.11,5,1,Average
864,Shreya Yadav,95.25,41.41,2.18,7.02,3,0,Low
865,Komal Mishra,94.96,38.16,1.31,4.1,5,1,Low
866,Simran Das,48.34,60.94,9.88,7.14,5,0,Low
867,Riya Joshi,41.73,87.02,2.22,9.14,2,0,Low
868,Vivaan Agarwal,52.59,98.68,4.25,8.58,1,0,Low
869,Isha Mehta,85.44,32.98,1.08,8.76,8,0,Low
870,Kunal Pillai,94.51,33.03,3.02,4.06,1,0,Low
871,Nikhil Ghosh,75.26,44.0,6.71,4.18,2,1,Low
872,Sai Bhatia,61.13,89.86,7.81,7.68,8,0,Average
873,Payal Shah,85.79,67.02,7.16,9.79,2,0,Average
874,Rhea Walia,95.45,94.43,8.51,6.85,9,0,High
875,Shreya Mehta,97.46,42.66,3.55,6.28,3,0,Low
876,Simran Mukherjee,85.68,52.0,4.66,7.12,7,1,Average
877,Kunal Das,73.43,32.84,3.28,4.69,4,1,Low
878,Ramesh Kumar,81.22,88.88,2.26,6.44,6,0,Average
879,Ankita Shah,93.69,86.17,9.39,6.2,0,1,High
880,Komal Bhatia,63.78,66.59,6.77,4.72,6,1,Average
881,Pooja Iyer,98.65,81.9,8.92,5.01,5,0,High
882,Gaurav Bhatia,75.7,99.35,1.23,9.03,7,1,Average
883,Neha Arora,75.62,82.94,8.01,9.66,5,1,High
884,Ayaan Chatterjee,97.01,99.13,5.11,4.88,7,0,High
885,Rohan Walia,69.36,46.16,9.42,4.18,0,0,Low
886,Gaurav Kumar,41.6,42.54,6.05,5.96,4,0,Low
887,Rohan Saxena,79.66,66.4,4.92,6.8,4,1,Average
888,Ayaan Pandey,55.7,54.05,8.6,7.28,0,1,Low
889,Simran Reddy,67.01,89.7,4.43,4.22,2,1,Average
890,Neha Malhotra,69.49,39.41,7.16,6.92,1,1,Low
891,Tanvi Chatterjee,81.12,70.05,4.76,9.13,8,0,Average
892,Vihaan Verma,69.68,97.96,6.17,6.12,4,1,Average
893,Gaurav Chopra,75.43,38.97,3.66,8.86,9,0,Low
894,Neha Krishnan,60.48,36.81,3.45,6.14,5,0,Low
895,Ayaan Roy,54.86,75.37,5.93,9.46,1,1,Low
896,Priya Verma,50.19,67.69,0.37,7.95,6,1,Low
897,Kiran Shah,81.76,71.16,9.86,6.27,6,1,High
898,Shaurya Bajaj,88.5,37.0,6.75,6.02,8,1,Low
899,Meera Chatterjee,57.97,97.86,2.02,7.81,1,0,Low
900,Nikhil Roy,42.85,99.74,4.02,5.36,1,0,Low
901,Swati Das,56.4,69.65,5.31,6.56,5,0,Low
902,Diya Bajaj,70.28,50.99,6.63,5.88,6,1,Average
903,Kiran Jain,70.92,77.01,5.48,9.29,10,0,Average
904,Kiran Chopra,52.78,97.35,7.42,6.8,10,1,Low
905,Ramesh Shukla,43.59,44.05,4.62,5.44,10,1,Low
906,Deepak Mukherjee,64.62,90.21,9.11,7.8,6,1,Average
907,Advik Verma,78.76,47.95,6.01,6.44,1,0,Low
908,Swati Gupta,54.74,87.91,4.64,7.36,6,1,Low
909,Swati Gupta,52.12,49.09,0.29,8.74,4,0,Low
910,Kunal Das,97.83,64.01,0.2,9.16,1,1,Average
911,Tanvi Joshi,92.03,93.04,4.07,6.18,10,0,Average
912,Rohan Patel,54.16,69.97,5.0,4.72,10,1,Low
913,Varun Krishnan,54.28,38.56,8.07,5.98,9,1,Low
914,Shreya Chatterjee,96.13,45.26,1.07,5.28,4,1,Low
915,Raj Shukla,91.77,33.91,5.33,8.2,1,1,Low
916,Isha Mishra,68.49,47.24,2.78,8.71,2,1,Low
917,Komal Tandon,89.28,31.48,9.67,7.63,10,0,Low
918,Raj Krishnan,54.38,68.69,3.09,9.75,5,0,Low
919,Reyansh Krishnan,91.46,57.19,9.1,6.36,4,1,Average
920,Yash Gupta,57.85,90.16,1.6,6.63,5,1,Low
921,Simran Shukla,56.44,35.61,7.79,6.95,6,1,Low
922,Kavya Tripathi,92.61,87.42,8.24,8.19,8,0,High
923,Swati Sethi,76.13,86.94,7.38,6.72,0,0,High
924,Sneha Khanna,51.02,61.04,6.41,4.02,3,1,Low
925,Ramesh Arora,44.93,41.05,5.16,9.82,10,0,Low
926,Atharv Walia,81.15,85.48,3.19,6.87,2,1,Average
927,Tanvi Pandey,75.58,52.93,2.82,4.51,5,0,Average
928,Reyansh Yadav,96.69,91.9,2.24,9.69,8,0,Average
929,Ishaan Patel,51.9,79.09,1.69,6.41,6,1,Low
930,Siddharth Yadav,97.48,41.91,5.67,4.08,8,1,Low
931,Ritika Jain,89.64,64.59,2.24,5.22,4,1,Average
932,Shreya Rao,62.92,60.19,2.07,5.29,4,0,Average
933,Ananya Mishra,64.51,40.22,2.9,5.57,9,1,Low
934,Ankita Pillai,74.97,75.31,0.86,6.81,5,1,Average
935,Vihaan Roy,82.8,79.59,7.36,5.54,1,0,High
936,Aarav Chatterjee,95.86,62.97,3.54,7.64,10,0,Average
937,Nikhil Rao,70.27,56.67,9.78,8.03,2,0,Average
938,Sneha Srivastava,55.62,65.26,9.3,9.27,2,0,Low
939,Ritika Mishra,65.98,48.23,3.13,9.87,7,1,Low
940,Aisha Reddy,95.57,49.8,8.77,7.68,4,1,Low
941,Vihaan Iyer,58.93,99.62,7.64,4.91,10,1,Low
942,Ayaan Jain,48.92,46.09,0.36,5.56,7,1,Low
943,Ramesh Nair,42.45,54.96,7.09,6.91,7,0,Low
944,Kiran Tandon,47.42,36.55,8.68,5.08,2,1,Low
945,Shreya Kumar,75.14,70.85,9.72,7.16,9,0,High
946,Tanvi Mishra,54.77,64.87,0.94,5.97,4,0,Low
947,Suresh Tandon,75.42,96.59,8.37,4.92,1,1,High
948,Swati Bajaj,68.79,73.98,2.69,7.95,5,0,Average
949,Pranav Singh,97.05,52.74,7.32,8.41,9,0,Average
950,Reyansh Tiwari,88.09,49.81,7.98,8.46,8,1,Low
951,Shaurya Pandey,55.31,46.81,7.71,6.39,0,0,Low
952,Rohan Shukla,86.77,49.95,7.53,7.92,1,1,Low
953,Suresh Mishra,84.15,94.52,9.04,7.62,5,0,High
954,Reyansh Shukla,70.76,64.27,8.85,6.86,9,1,Average
955,Zara Walia,88.66,72.97,4.34,6.56,0,1,Average
956,Meera Yadav,53.45,78.04,1.55,6.97,10,0,Low
957,Suresh Krishnan,66.24,93.5,4.78,4.89,2,1,Average
958,Rahul Shukla,71.39,50.68,0.48,4.46,0,0,Average
959,Nikhil Patel,64.78,62.53,7.2,8.88,5,1,Average
960,Aditya Patel,86.12,31.14,7.41,6.78,2,1,Low
961,Harsh Chatterjee,64.98,79.31,3.14,8.34,10,1,Average
962,Ankita Shah,60.48,94.27,8.1,5.27,1,1,Average
963,Zara Dhawan,66.03,31.25,3.95,4.08,10,1,Low
964,Komal Walia,64.31,76.04,7.44,8.36,4,1,Average
965,Advik Mehta,97.79,77.26,8.05,4.53,2,0,High
966,Swati Krishnan,88.96,78.72,1.88,4.16,7,0,Average
967,Ishaan Agarwal,66.15,73.82,7.9,5.15,4,1,Average
968,Isha Verma,65.31,38.15,9.02,8.43,7,1,Low
969,Pooja Sharma,91.59,70.97,2.01,7.42,6,0,Average
970,Aditya Jain,46.16,89.33,4.32,6.49,7,1,Low
971,Simran Singh,63.98,65.93,7.25,9.61,7,0,Average
972,Isha Mehta,71.7,59.54,3.16,4.38,10,1,Average
973,Meera Iyer,69.69,95.73,3.47,8.19,0,0,Average
974,Kunal Tandon,68.15,60.67,5.08,7.53,10,1,Average
975,Yash Agarwal,68.11,91.82,7.23,6.34,6,1,Average
976,Krishna Rao,87.99,89.12,6.22,5.69,1,1,High
977,Ananya Pillai,51.97,72.4,1.01,6.5,7,1,Low
978,Atharv Saxena,73.41,99.95,3.59,5.56,10,0,Average
979,Rohan Chatterjee,41.92,34.46,4.31,7.71,1,0,Low
980,Ishaan Dhawan,99.62,84.94,7.69,8.62,8,1,High
981,Suresh Mehta,92.42,72.3,1.04,4.3,7,1,Average
982,Rahul Shah,98.48,84.72,6.1,9.15,1,0,High
983,Gaurav Saxena,50.02,38.26,2.05,6.17,4,1,Low
984,Ramesh Iyer,69.9,90.93,1.54,6.18,2,0,Average
985,Meera Saxena,66.35,59.1,7.69,5.47,7,1,Average
986,Ishaan Srivastava,50.28,48.62,7.15,6.49,10,0,Low
987,Ramesh Srivastava,65.3,45.97,8.02,6.48,6,1,Low
988,Reyansh Roy,87.68,55.32,0.3,4.87,0,0,Average
989,Kiran Singh,58.89,98.74,1.64,4.37,0,0,Low
990,Tanvi Walia,98.66,98.6,7.99,9.25,4,1,High
991,Deepak Banerjee,82.05,91.15,7.22,5.88,5,0,High
992,Raj Bajaj,94.01,72.73,1.47,6.42,10,0,Average
993,Siddharth Iyer,87.3,75.64,6.97,9.33,10,1,High
994,Pranav Patel,92.86,35.9,5.37,6.34,2,1,Low
995,Yash Kapoor,70.7,51.86,3.41,7.81,0,0,Average
996,Payal Singh,75.55,46.89,7.74,8.36,8,0,Low
997,Rhea Das,90.5,48.18,5.07,4.74,10,0,Low
998,Kavya Das,74.35,30.36,3.39,5.42,9,0,Low
999,Sai Bose,57.07,84.94,7.15,8.03,6,0,Low
1000,Suresh Tripathi,70.99,43.48,7.79,6.73,2,1,Low
